,City,Country,Date,Lat,Lng,Max Temp,Humidity,Cloudiness,Wind Speed
0,Airai,TL,2022-11-07 04:57:49,-8.9266,125.4092,75.43,54,100,2.01
1,Rikitea,PF,2022-11-07 04:58:03,-23.1203,-134.9692,72.63,81,91,18.59
2,Saint-Philippe,RE,2022-11-07 04:58:04,-21.3585,55.7679,78.39,76,77,10.49
3,Qaanaaq,GL,2022-11-07 04:58:04,77.484,-69.3632,-3.08,85,100,9.13
4,Husavik,IS,2022-11-07 04:57:18,66.0449,-17.3389,38.66,98,100,2.19
5,Boma,GH,2022-11-07 04:58:05,7.0805,-2.1697,69.78,99,54,1.83
6,Nanortalik,GL,2022-11-07 04:58:05,60.1432,-45.2371,30.78,83,79,5.17
7,Roma,US,2022-11-07 04:58:05,43.2128,-75.4557,65.73,93,100,4.61
8,Lebu,CL,2022-11-07 04:58:06,-37.6167,-73.65,50.25,90,33,10.65
9,Jamestown,US,2022-11-07 04:58:06,42.097,-79.2353,59.72,87,9,1.01
10,Bredasdorp,ZA,2022-11-07 04:58:43,-34.5322,20.0403,65.48,76,100,7.07
11,Atuona,PF,2022-11-07 04:58:43,-9.8,-139.0333,76.24,72,79,12.53
12,Hithadhoo,MV,2022-11-07 04:58:44,-0.6,73.0833,81.79,75,43,12.64
13,Tuatapere,NZ,2022-11-07 04:58:44,-46.1333,167.6833,55.4,78,93,5.21
14,Hermanus,ZA,2022-11-07 04:58:44,-34.4187,19.2345,64.8,84,97,14.38
15,Ushuaia,AR,2022-11-07 04:57:45,-54.8,-68.3,44.26,93,0,3.44
16,Hamilton,US,2022-11-07 04:58:45,39.1834,-84.5333,58.77,66,5,3.85
17,Albany,US,2022-11-07 04:58:45,42.6001,-73.9662,69.67,85,73,9.86
18,Olds,CA,2022-11-07 04:58:45,51.7834,-114.102,5.85,92,100,6.91
19,Jalapa,MX,2022-11-07 04:58:46,19.5333,-96.9167,59.45,86,46,5.08
20,Fortuna,US,2022-11-07 04:58:46,40.5982,-124.1573,47.93,95,100,3.0
21,Raduzhnyy,RU,2022-11-07 04:58:46,62.0961,77.475,17.8,93,91,4.09
22,Grindavik,IS,2022-11-07 04:58:46,63.8424,-22.4338,36.07,87,0,3.44
23,Puerto Ayora,EC,2022-11-07 04:58:47,-0.7393,-90.3518,64.54,89,87,6.69
24,Ilulissat,GL,2022-11-07 04:58:47,69.2167,-51.1,-3.26,93,72,6.96
25,Codrington,AU,2022-11-07 04:58:47,-38.2667,141.9667,72.88,59,17,6.29
26,Bluff,NZ,2022-11-07 04:58:48,-46.6,168.3333,55.17,84,99,20.87
27,Clyde River,CA,2022-11-07 04:58:48,70.4692,-68.5914,1.63,60,20,5.75
28,Rocha,UY,2022-11-07 04:58:48,-34.4833,-54.3333,52.03,96,0,5.21
29,Labuhan,ID,2022-11-07 04:58:49,-6.8844,112.2051,84.94,65,99,6.78
30,Cape Town,ZA,2022-11-07 04:55:07,-33.9258,18.4232,64.11,91,75,9.22
31,New Norfolk,AU,2022-11-07 04:58:49,-42.7826,147.0587,71.91,41,50,4.0
32,Saint-Joseph,RE,2022-11-07 04:58:49,-21.3667,55.6167,77.38,74,77,7.63
33,Te Anau,NZ,2022-11-07 04:58:50,-45.4167,167.7167,50.76,89,94,5.46
34,Mataura,NZ,2022-11-07 04:58:50,-46.1927,168.8643,63.14,52,80,9.22
35,Teahupoo,PF,2022-11-07 04:58:50,-17.8333,-149.2667,71.56,86,100,24.43
36,Vegreville,CA,2022-11-07 04:58:51,53.5001,-112.0518,7.5,72,99,5.75
37,Ancud,CL,2022-11-07 04:58:51,-41.8697,-73.8203,48.22,88,41,2.98
38,Mangrol,IN,2022-11-07 04:58:51,21.1167,70.1167,84.11,44,43,6.82
39,Vaini,TO,2022-11-07 04:58:52,-21.2,-175.2,80.76,65,20,6.91
40,Port Elizabeth,ZA,2022-11-07 04:58:52,-33.918,25.5701,65.32,89,0,12.66
41,Shache,CN,2022-11-07 04:58:52,38.4167,77.2406,52.84,26,100,2.33
42,Half Moon Bay,US,2022-11-07 04:58:52,37.4636,-122.4286,57.06,82,100,17.27
43,Provideniya,RU,2022-11-07 04:58:53,64.3833,-173.3,35.71,100,100,13.42
44,Sechura,PE,2022-11-07 04:58:53,-5.5569,-80.8222,62.44,86,0,9.44
45,Ulaangom,MN,2022-11-07 04:58:53,49.9811,92.0667,30.72,74,94,2.86
46,Punta Arenas,CL,2022-11-07 04:59:54,-53.15,-70.9167,53.71,66,0,14.97
47,Lac Du Bonnet,CA,2022-11-07 04:59:54,50.2536,-96.0612,30.49,88,100,13.31
48,Mnogovershinnyy,RU,2022-11-07 04:59:54,53.9353,139.9242,23.32,77,93,8.97
49,Cidreira,BR,2022-11-07 04:59:55,-30.1811,-50.2056,62.26,80,9,12.59
50,Klaksvik,FO,2022-11-07 04:59:55,62.2266,-6.589,49.12,89,100,29.21
51,Upernavik,GL,2022-11-07 04:59:55,72.7868,-56.1549,9.32,71,71,4.99
52,Vestmannaeyjar,IS,2022-11-07 04:59:56,63.4427,-20.2734,42.13,63,48,8.41
53,Hovd,MN,2022-11-07 04:59:56,48.0056,91.6419,46.85,36,77,2.48
54,Los Llanos De Aridane,ES,2022-11-07 04:59:56,28.6585,-17.9182,65.95,78,75,6.91
55,Broken Hill,AU,2022-11-07 04:59:57,-31.95,141.4333,79.65,22,2,4.83
56,Butaritari,KI,2022-11-07 04:59:57,3.0707,172.7902,80.26,75,44,5.97
57,Coihaique,CL,2022-11-07 04:59:57,-45.5752,-72.0662,50.61,83,100,4.43
58,Tashla,RU,2022-11-07 04:59:58,51.7716,52.7427,23.74,94,26,5.17
59,Rolla,US,2022-11-07 04:59:58,37.9514,-91.7713,55.71,68,13,7.0
60,Arraial Do Cabo,BR,2022-11-07 04:59:58,-22.9661,-42.0278,68.25,70,51,4.14
61,Payo,ID,2022-11-07 04:59:59,-3.7508,103.6372,86.67,66,100,2.84
62,Chokurdakh,RU,2022-11-07 04:59:59,70.6333,147.9167,4.91,92,100,15.59
63,Mayna,RU,2022-11-07 04:59:59,54.1135,47.6231,29.53,83,65,7.45
64,Bryanka,UA,2022-11-07 04:57:31,48.511,38.6722,31.28,81,73,5.55
65,Panjakent,TJ,2022-11-07 05:00:00,39.4952,67.6093,52.61,59,100,6.46
66,Hokitika,NZ,2022-11-07 05:00:00,-42.7167,170.9667,56.91,69,93,9.19
67,Nome,US,2022-11-07 05:00:01,64.5011,-165.4064,29.16,93,100,8.37
68,Peniche,PT,2022-11-07 05:00:01,39.3558,-9.3811,57.45,97,94,2.62
69,Jambi,ID,2022-11-07 05:00:02,-1.6,103.6167,78.57,90,100,2.8
70,Meulaboh,ID,2022-11-07 05:00:03,4.1363,96.1285,83.21,71,76,7.4
71,Tiksi,RU,2022-11-07 05:00:04,71.6872,128.8694,1.35,94,100,21.25
72,Zemlyansk,RU,2022-11-07 05:00:05,51.9041,38.7334,33.44,81,100,7.38
73,Dikson,RU,2022-11-07 05:00:07,73.5069,80.5464,9.25,92,100,7.56
74,Port Alfred,ZA,2022-11-07 05:00:08,-33.5906,26.891,67.17,84,100,5.01
75,Giddalur,IN,2022-11-07 05:00:09,15.35,78.9167,80.4,58,90,7.34
76,Hilo,US,2022-11-07 04:58:09,19.7297,-155.09,74.93,89,75,3.44
77,Busselton,AU,2022-11-07 04:56:11,-33.65,115.3333,69.93,56,78,11.39
78,Castro,BR,2022-11-07 05:00:10,-24.7911,-50.0119,46.09,98,29,3.8
79,High Level,CA,2022-11-07 05:00:12,58.5169,-117.136,-1.97,93,60,5.23
80,Norman Wells,CA,2022-11-07 05:00:12,65.282,-126.8329,-3.21,97,77,1.25
81,Nemuro,JP,2022-11-07 05:00:13,43.3236,145.575,46.42,50,41,1.12
82,Cairns,AU,2022-11-07 05:00:14,-16.9167,145.7667,89.55,51,40,20.71
83,Inuvik,CA,2022-11-07 05:00:15,68.3499,-133.7218,-3.42,88,30,8.34
84,Bandar-E Lengeh,IR,2022-11-07 05:00:15,26.5579,54.8807,83.48,39,1,10.07
85,Makakilo City,US,2022-11-07 05:00:16,21.3469,-158.0858,78.57,72,100,14.76
86,North Bend,US,2022-11-07 04:56:51,43.4065,-124.2243,43.92,99,100,3.6
87,Touros,BR,2022-11-07 04:55:29,-5.1989,-35.4608,77.31,74,25,10.49
88,Brae,GB,2022-11-07 05:00:18,60.3964,-1.353,49.77,85,99,15.73
89,Kununurra,AU,2022-11-07 05:01:18,-15.7667,128.7333,102.18,21,37,5.75
90,Kapaa,US,2022-11-07 05:01:19,22.0752,-159.319,80.58,82,100,4.0
91,Sri Aman,MY,2022-11-07 05:03:25,1.2376,111.4621,81.93,82,100,3.27
92,Nong Han,TH,2022-11-07 05:03:25,17.3608,103.1053,83.59,50,20,4.23
93,Terney,RU,2022-11-07 05:03:26,45.0503,136.6092,46.31,46,92,7.58
94,Khatanga,RU,2022-11-07 05:03:26,71.9667,102.5,-1.48,95,98,5.95
95,Mar Del Plata,AR,2022-11-07 05:03:27,-38.0023,-57.5575,61.88,90,0,21.99
96,Kaitangata,NZ,2022-11-07 05:03:27,-46.2817,169.8464,61.92,55,73,4.88
97,Nikolskoye,RU,2022-11-07 05:03:27,59.7035,30.7861,42.69,92,99,9.78
98,Olbia,IT,2022-11-07 05:03:28,40.9214,9.4856,57.25,82,0,10.36
99,Seoul,KR,2022-11-07 05:03:17,37.5683,126.9778,61.99,40,56,9.37
100,Saint-Augustin,CA,2022-11-07 05:03:28,51.226,-58.6502,47.79,99,100,5.82
101,Alofi,NU,2022-11-07 05:03:29,-19.0595,-169.9187,75.87,71,3,15.23
102,Kavieng,PG,2022-11-07 05:03:29,-2.5744,150.7967,84.83,68,85,6.64
103,Wairoa,NZ,2022-11-07 05:03:29,-39.0333,177.3667,67.55,61,80,5.01
104,Souillac,MU,2022-11-07 05:03:30,-20.5167,57.5167,79.18,69,75,11.5
105,Geraldton,AU,2022-11-07 05:02:36,-28.7667,114.6,72.01,46,75,14.97
106,Belmonte,BR,2022-11-07 05:03:30,-15.8631,-38.8828,70.63,80,91,8.81
107,Pacific Grove,US,2022-11-07 05:03:31,36.6177,-121.9166,56.66,80,98,8.01
108,Umreth,IN,2022-11-07 05:03:31,22.7,73.1167,87.57,32,75,4.54
109,Jaisalmer,IN,2022-11-07 05:03:31,26.9147,70.9181,80.76,26,25,2.17
110,Asau,RO,2022-11-07 05:03:32,46.4333,26.4,47.32,92,55,3.33
111,Bintulu,MY,2022-11-07 05:02:53,3.1667,113.0333,84.34,71,100,3.29
112,Ahuimanu,US,2022-11-07 05:03:32,21.4447,-157.8378,79.75,75,95,3.0
113,Hobart,AU,2022-11-07 05:02:36,-42.8794,147.3294,72.27,65,40,12.66
114,Chuy,UY,2022-11-07 05:03:32,-33.6971,-53.4616,57.61,90,0,8.88
115,Kontagora,NG,2022-11-07 05:03:33,10.3999,5.4695,67.62,29,89,4.85
116,Santa Ana,US,2022-11-07 04:59:50,33.7456,-117.8678,61.86,86,0,5.03
117,Skjervoy,NO,2022-11-07 05:03:33,70.0311,20.9714,39.2,81,100,25.95
118,Cabo San Lucas,MX,2022-11-07 04:59:49,22.8909,-109.9124,73.51,75,9,4.0
119,East London,ZA,2022-11-07 04:59:20,-33.0153,27.9116,65.34,88,0,12.66
120,Ilhabela,BR,2022-11-07 05:03:34,-23.7781,-45.3581,65.3,80,83,2.46
121,Vardo,NO,2022-11-07 05:03:34,70.3705,31.1107,30.18,86,56,12.66
122,Casablanca,MA,2022-11-07 05:03:20,33.5928,-7.6192,55.62,89,3,1.52
123,Severo-Kurilsk,RU,2022-11-07 05:03:35,50.6789,156.125,35.92,63,84,23.78
124,Torbay,CA,2022-11-07 05:03:21,47.6666,-52.7314,58.75,92,100,16.64
125,Xuddur,SO,2022-11-07 05:03:35,4.1213,43.8894,74.77,76,94,11.32
126,Tomatlan,MX,2022-11-07 05:03:35,19.9333,-105.25,68.99,95,0,2.13
127,Bandarbeyla,SO,2022-11-07 05:03:36,9.4942,50.8122,80.46,72,26,9.1
128,Oktyabrskoye,RU,2022-11-07 05:03:36,43.0645,44.7417,33.94,93,20,8.95
129,Itarema,BR,2022-11-07 05:03:36,-2.9248,-39.9167,78.17,80,89,8.55
130,Mogadishu,SO,2022-11-07 05:03:37,2.0371,45.3438,79.52,77,89,7.45
131,Kisangani,CD,2022-11-07 05:00:28,0.5167,25.2,68.49,99,100,1.34
132,Saint George,US,2022-11-07 04:58:46,37.1041,-113.5841,60.26,42,1,5.99
133,Bahia Blanca,AR,2022-11-07 05:04:37,-38.7196,-62.2724,69.3,30,78,15.88
134,Yellowknife,CA,2022-11-07 05:03:50,62.456,-114.3525,-4.45,83,73,5.01
135,Mount Gambier,AU,2022-11-07 05:04:37,-37.8333,140.7667,74.1,52,28,4.52
136,Komsomolsk-Na-Amure,RU,2022-11-07 05:04:38,50.552,137.0152,32.58,37,54,13.13
137,Kodiak,US,2022-11-07 05:04:38,57.79,-152.4072,26.11,74,0,5.75
138,Termiz,UZ,2022-11-07 05:04:39,37.2242,67.2783,60.89,63,0,0.0
139,Tuktoyaktuk,CA,2022-11-07 05:04:39,69.4541,-133.0374,1.56,85,29,8.52
140,Georgetown,MY,2022-11-07 05:03:31,5.4112,100.3354,84.24,73,20,6.91
141,Richards Bay,ZA,2022-11-07 05:04:39,-28.783,32.0377,71.33,67,100,4.59
142,Ngunguru,NZ,2022-11-07 05:04:40,-35.6167,174.5,60.96,73,98,17.31
143,Lasa,IT,2022-11-07 05:04:40,46.6166,10.7002,35.37,50,24,2.57
144,Shintomi,JP,2022-11-07 05:04:40,32.0785,131.4723,68.41,64,30,6.71
145,Bubaque,GW,2022-11-07 05:04:41,11.2833,-15.8333,82.56,70,62,6.24
146,Sola,VU,2022-11-07 05:04:41,-13.8833,167.55,80.82,74,13,9.86
147,Havoysund,NO,2022-11-07 05:04:41,70.9963,24.6622,41.23,75,100,21.99
148,Matara,LK,2022-11-07 05:04:42,5.9485,80.5353,85.01,65,85,3.36
149,Longyearbyen,SJ,2022-11-07 05:04:42,78.2186,15.6401,28.24,93,75,9.22
150,Gueret,FR,2022-11-07 05:04:43,46.1667,1.8667,49.24,93,94,6.6
151,Luganville,VU,2022-11-07 05:01:21,-15.5333,167.1667,83.32,73,25,7.23
152,Maxixe,MZ,2022-11-07 05:04:43,-23.8597,35.3472,78.22,77,7,5.28
153,Saskylakh,RU,2022-11-07 05:04:43,71.9167,114.0833,-22.88,100,52,2.84
154,Constitucion,CL,2022-11-07 05:04:44,-35.3333,-72.4167,50.79,89,28,8.9
155,Sibu,MY,2022-11-07 05:04:44,2.3,111.8167,85.62,73,100,1.01
156,Jishou,CN,2022-11-07 05:04:44,28.3167,109.7167,79.27,38,0,2.55
157,Avarua,CK,2022-11-07 05:00:07,-21.2078,-159.775,75.25,69,20,5.75
158,San Cristobal,VE,2022-11-07 05:04:45,7.7669,-72.225,68.18,98,100,2.33
159,Namibe,AO,2022-11-07 05:04:45,-15.1961,12.1522,68.85,60,0,4.32
160,Yumen,CN,2022-11-07 05:04:46,40.2833,97.2,46.98,23,25,13.42
161,Paamiut,GL,2022-11-07 05:04:46,61.994,-49.6678,13.77,84,20,8.55
162,Port Hardy,CA,2022-11-07 05:00:30,50.6996,-127.4199,30.2,65,72,12.75
163,Abu Samrah,SY,2022-11-07 05:04:47,35.3029,37.1841,62.96,42,18,10.76
164,Katsina,NG,2022-11-07 05:04:47,12.9894,7.6006,67.33,21,14,9.33
165,Bethel,US,2022-11-07 05:04:47,41.3712,-73.414,67.77,82,31,1.99
166,Itoman,JP,2022-11-07 05:04:48,26.1247,127.6694,77.02,69,75,9.22
167,Olafsvik,IS,2022-11-07 05:04:48,64.8945,-23.7142,40.78,70,0,12.21
168,Guerrero Negro,MX,2022-11-07 05:02:59,27.9769,-114.0611,64.13,77,66,9.57
169,Batemans Bay,AU,2022-11-07 05:04:48,-35.7167,150.1833,72.1,67,88,11.36
170,Hofn,IS,2022-11-07 05:04:49,64.2539,-15.2082,41.0,89,100,16.93
171,Myskhako,RU,2022-11-07 05:04:49,44.6714,37.7433,37.18,85,91,10.92
172,Carutapera,BR,2022-11-07 05:04:49,-1.195,-46.02,73.51,95,95,3.74
173,San Pedro,PH,2022-11-07 05:04:50,14.35,121.0167,89.31,66,75,2.3
174,Port-Gentil,GA,2022-11-07 05:04:50,-0.7193,8.7815,76.96,100,20,0.0
175,Poum,NC,2022-11-07 05:04:50,-20.2333,164.0167,78.62,79,13,12.01
176,Khandyga,RU,2022-11-07 05:04:50,62.6667,135.6,-4.59,95,100,3.38
177,Salihorsk,BY,2022-11-07 05:04:51,52.7876,27.5415,44.31,92,100,5.53
178,College,US,2022-11-07 05:04:51,64.8569,-147.8028,6.91,83,75,4.61
179,Plettenberg Bay,ZA,2022-11-07 05:04:52,-34.0527,23.3716,69.8,69,100,2.19
180,Portland,US,2022-11-07 05:03:14,45.5234,-122.6762,40.98,93,100,8.05
181,Aksarka,RU,2022-11-07 05:04:52,66.5606,67.7975,18.14,95,100,6.85
182,Pangnirtung,CA,2022-11-07 05:05:52,66.1451,-65.7125,4.46,63,0,6.58
183,Tasiilaq,GL,2022-11-07 05:05:53,65.6145,-37.6368,32.16,70,100,5.1
184,Santiago,CL,2022-11-07 05:01:51,-33.4569,-70.6483,65.25,59,92,2.46
185,Westport,US,2022-11-07 05:02:17,41.1415,-73.3579,68.27,86,100,11.5
186,Melfort,CA,2022-11-07 05:05:53,52.8667,-104.6177,1.08,97,100,7.52
187,Shakhtinsk,KZ,2022-11-07 05:05:53,49.71,72.5872,29.84,73,99,0.36
188,Dauriya,RU,2022-11-07 05:05:54,49.9333,116.8667,36.0,54,41,11.72
189,Bosaso,SO,2022-11-07 05:05:54,11.2842,49.1816,80.53,73,10,0.92
190,Williamsport,US,2022-11-07 05:01:27,41.2412,-77.0011,69.53,98,31,3.13
191,Barrow,US,2022-11-07 05:05:54,71.2906,-156.7887,24.82,80,100,14.97
192,Carnarvon,AU,2022-11-07 05:05:55,-24.8667,113.6333,69.12,61,91,19.06
193,Hantsport,CA,2022-11-07 05:05:55,45.0668,-64.1654,68.25,83,87,8.99
194,Tiznit,MA,2022-11-07 05:05:55,29.5833,-9.5,66.27,31,8,4.63
195,Ponta Do Sol,PT,2022-11-07 05:05:56,32.6667,-17.1,67.71,86,34,0.98
196,Primorsk,UA,2022-11-07 05:05:56,46.7348,36.3443,41.92,73,99,18.39
197,Lorengau,PG,2022-11-07 05:05:56,-2.0226,147.2712,84.61,72,71,7.09
198,Port Lincoln,AU,2022-11-07 05:05:57,-34.7333,135.8667,73.44,50,0,16.87
199,Moree,AU,2022-11-07 05:05:57,-29.4667,149.85,76.17,37,75,2.24
200,Leningradskiy,RU,2022-11-07 05:05:57,69.3833,178.4167,15.57,78,1,9.42
201,Acajutla,SV,2022-11-07 05:05:58,13.5928,-89.8275,77.97,84,100,3.11
202,Buin,CL,2022-11-07 05:05:58,-33.7333,-70.75,67.12,82,84,0.36
203,Strezhevoy,RU,2022-11-07 05:05:58,60.7333,77.5889,26.11,81,100,5.19
204,Acambay,MX,2022-11-07 05:05:59,19.9558,-99.8417,51.39,77,0,3.83
205,Victoria,HK,2022-11-07 05:05:59,22.2855,114.1577,76.24,84,89,8.99
206,Vila Velha,BR,2022-11-07 05:05:59,-20.3297,-40.2925,67.95,93,75,1.14
207,Abu Kamal,SY,2022-11-07 05:06:00,34.4506,40.9171,65.66,32,4,8.14
208,Ampere,BR,2022-11-07 05:06:00,-25.915,-53.4728,55.71,78,76,3.85
209,Cavalcante,BR,2022-11-07 05:06:00,-13.7975,-47.4583,66.87,84,97,2.66
210,Turbat,PK,2022-11-07 05:06:01,26.0023,63.044,79.38,59,28,5.06
211,Isugod,PH,2022-11-07 05:06:01,9.3408,118.1196,84.06,76,98,3.04
212,Pevek,RU,2022-11-07 05:06:01,69.7008,170.3133,11.17,89,64,12.68
213,Tehachapi,US,2022-11-07 05:06:02,35.1322,-118.449,54.03,84,17,5.99
214,Talcahuano,CL,2022-11-07 05:06:02,-36.7167,-73.1167,49.8,88,34,6.8
215,Waraseoni,IN,2022-11-07 05:06:03,21.75,80.0333,79.36,50,65,4.72
216,Ekhabi,RU,2022-11-07 05:06:03,53.5102,142.9671,29.32,60,59,13.56
217,Muroto,JP,2022-11-07 05:06:03,33.2833,134.15,64.62,63,100,3.31
218,Asyut,EG,2022-11-07 05:06:04,27.181,31.1837,63.99,40,0,1.39
219,Bengkulu,ID,2022-11-07 05:06:04,-3.8004,102.2655,79.92,78,100,7.11
220,Senador Pompeu,BR,2022-11-07 05:06:05,-5.5881,-39.3717,75.67,84,67,4.27
221,Murray Bridge,AU,2022-11-07 05:06:05,-35.1167,139.2667,86.13,25,2,2.93
222,Hargeysa,SO,2022-11-07 05:06:05,9.56,44.065,65.84,54,6,4.76
223,Esso,RU,2022-11-07 05:06:06,55.9333,158.7,26.73,97,100,1.21
224,Tuy Hoa,VN,2022-11-07 05:06:06,13.0833,109.3,80.04,77,100,13.31
225,Lingao,CN,2022-11-07 05:06:06,19.9103,109.6859,76.05,77,69,11.77
226,Porbandar,IN,2022-11-07 05:06:07,21.6422,69.6093,84.38,45,43,7.31
227,Nanakuli,US,2022-11-07 05:01:33,21.3906,-158.1547,79.99,77,100,13.06
228,Gazojak,TM,2022-11-07 05:06:07,41.1875,61.4036,46.69,63,11,16.73
229,Lagoa Vermelha,BR,2022-11-07 05:08:30,-28.2086,-51.5258,44.33,97,1,4.68
230,Porto Santo,PT,2022-11-07 05:08:31,33.072,-16.3415,66.58,82,40,2.3
231,Cherskiy,RU,2022-11-07 05:08:31,68.75,161.3,-5.17,100,72,3.13
232,Aitape,PG,2022-11-07 05:08:31,-3.1374,142.3475,85.95,69,79,7.09
233,Bima,ID,2022-11-07 05:08:32,-8.4667,118.7167,85.73,66,100,0.58
234,Aksu,CN,2022-11-07 05:08:32,41.1231,80.2644,53.29,31,100,2.57
235,Mehamn,NO,2022-11-07 05:08:32,71.0357,27.8492,35.55,93,75,17.27
236,Lata,PT,2022-11-07 05:08:32,40.1629,-8.3327,53.08,94,99,2.44
237,Mahebourg,MU,2022-11-07 05:08:33,-20.4081,57.7,79.25,69,75,11.5
238,Samarai,PG,2022-11-07 05:08:33,-10.6167,150.6667,84.38,71,100,8.72
239,Nattam,IN,2022-11-07 05:08:33,10.2333,78.2333,84.65,68,99,8.72
240,Ayolas,PY,2022-11-07 05:08:34,-27.4,-56.9,61.81,58,61,9.53
241,Skibbereen,IE,2022-11-07 05:08:34,51.55,-9.2667,57.11,92,100,26.73
242,Baliuag,PH,2022-11-07 05:08:34,14.9333,120.8833,94.64,59,61,6.96
243,Lamu,KE,2022-11-07 05:08:35,-2.2717,40.902,82.62,81,15,9.73
244,Gusau,NG,2022-11-07 05:08:35,12.1628,6.6614,68.09,23,26,7.94
245,Usevya,TZ,2022-11-07 05:08:35,-7.1,31.2333,74.32,68,95,2.86
246,San Jeronimo,PE,2022-11-07 05:08:35,-11.9472,-75.2829,44.78,93,68,1.32
247,Solnechnyy,RU,2022-11-07 05:08:36,50.7214,136.6319,32.0,36,99,5.39
248,Wanaka,NZ,2022-11-07 05:04:53,-44.7,169.15,69.12,39,53,7.0
249,Saint Anthony,US,2022-11-07 05:08:36,45.0205,-93.218,38.35,48,0,24.16
250,Pampa,US,2022-11-07 05:08:37,35.5362,-100.9599,47.19,93,0,8.05
251,Formosa,AR,2022-11-07 05:08:37,-26.1775,-58.1781,63.39,62,39,5.17
252,Surt,LY,2022-11-07 05:08:37,31.2089,16.5887,69.76,57,30,13.73
253,Ciudad Bolivar,VE,2022-11-07 05:08:38,8.1222,-63.5497,80.89,71,100,6.46
254,Anse-Bertrand,GP,2022-11-07 05:08:38,16.4721,-61.5078,80.42,100,98,18.43
255,Saldanha,ZA,2022-11-07 05:08:38,-33.0117,17.9442,62.55,89,97,6.26
256,Kamenka,RU,2022-11-07 05:08:39,51.3223,42.7678,30.76,80,84,5.59
257,Tessalit,ML,2022-11-07 05:08:39,20.1986,1.0114,69.13,17,0,5.44
258,Noyabrsk,RU,2022-11-07 05:08:39,63.1994,75.4507,12.92,95,95,4.99
259,Ribeira Grande,PT,2022-11-07 05:08:39,38.5167,-28.7,65.77,79,98,15.99
260,Salalah,OM,2022-11-07 05:08:40,17.0151,54.0924,84.29,61,0,0.0
261,Newport News,US,2022-11-07 05:08:40,36.9788,-76.428,68.99,86,0,8.05
262,Basco,PH,2022-11-07 05:08:41,20.4487,121.9702,79.54,79,8,19.44
263,Solginskiy,RU,2022-11-07 05:08:41,61.05,41.3428,31.84,94,100,7.63
264,Bon Accord,CA,2022-11-07 05:08:41,53.8335,-113.4187,7.63,90,99,5.61
265,Nanning,CN,2022-11-07 05:06:42,22.8167,108.3167,81.43,46,0,3.06
266,Azul,AR,2022-11-07 05:08:42,-36.777,-59.8585,58.33,95,53,9.37
267,Huarmey,PE,2022-11-07 05:08:42,-10.0681,-78.1522,62.73,88,47,7.38
268,Brokopondo,SR,2022-11-07 05:08:43,4.75,-55.1667,74.48,93,100,1.12
269,Tilichiki,RU,2022-11-07 05:08:43,60.4667,166.1,26.8,92,67,6.87
270,Namatanai,PG,2022-11-07 05:08:43,-3.6667,152.4333,84.88,68,94,4.81
271,Acarau,BR,2022-11-07 05:08:43,-2.8856,-40.12,78.08,81,93,7.36
272,Talnakh,RU,2022-11-07 05:08:44,69.4865,88.3972,22.21,96,100,6.08
273,Kurilsk,RU,2022-11-07 05:08:44,45.2333,147.8833,43.16,61,95,13.0
274,Caceres,ES,2022-11-07 05:08:44,39.522,-6.3748,51.04,94,99,1.57
275,Sao Filipe,CV,2022-11-07 05:08:45,14.8961,-24.4956,77.09,67,0,3.31
276,Mahibadhoo,MV,2022-11-07 05:08:45,3.7833,72.9667,81.84,77,17,11.95
277,Charters Towers,AU,2022-11-07 05:08:45,-20.1,146.2667,87.21,30,53,12.84
278,Puerto Escondido,MX,2022-11-07 05:09:46,15.85,-97.0667,81.43,69,40,3.44
279,Diapaga,BF,2022-11-07 05:09:46,12.0708,1.7889,70.77,16,65,6.96
280,Kalmunai,LK,2022-11-07 05:05:15,7.4167,81.8167,82.49,72,43,9.31
281,Magalia,US,2022-11-07 05:09:46,39.8121,-121.5783,47.75,88,99,4.0
282,Krasnoselkup,RU,2022-11-07 05:09:47,65.7,82.4667,19.08,96,100,7.34
283,Ocos,GT,2022-11-07 05:09:47,14.5094,-92.1933,77.18,88,100,7.0
284,Dandong,CN,2022-11-07 05:09:47,40.1292,124.3947,50.56,81,100,2.04
285,Sheksna,RU,2022-11-07 05:09:48,59.21,38.5107,31.96,97,100,7.52
286,Port Pirie,AU,2022-11-07 05:09:48,-33.1833,138.0167,85.39,23,0,3.67
287,Rawson,AR,2022-11-07 05:09:48,-43.3002,-65.1023,73.69,37,100,18.63
288,Paoua,CF,2022-11-07 05:09:49,7.2427,16.4406,66.78,58,37,2.68
289,Micheweni,TZ,2022-11-07 05:09:49,-4.9667,39.8333,78.91,80,4,4.12
290,Padang,ID,2022-11-07 05:09:49,-0.9492,100.3543,82.45,83,100,3.47
291,Dergachi,RU,2022-11-07 05:09:49,51.2328,48.7659,32.54,74,15,5.01
292,Severobaykalsk,RU,2022-11-07 05:09:50,55.65,109.3167,29.84,94,100,1.03
293,Kibala,TD,2022-11-07 05:09:50,9.1104,18.3463,71.89,53,29,0.78
294,Taltal,CL,2022-11-07 05:09:50,-25.4,-70.4833,59.94,80,17,2.39
295,Palu,ID,2022-11-07 05:08:26,-0.8917,119.8707,82.29,85,100,3.56
296,Grand Gaube,MU,2022-11-07 05:09:51,-20.0064,57.6608,79.38,65,81,8.01
297,Dunedin,NZ,2022-11-07 05:09:51,-45.8742,170.5036,59.86,66,85,4.94
298,Santa Helena,BR,2022-11-07 05:09:51,-2.2311,-45.3,72.46,97,94,1.07
299,Candido De Abreu,BR,2022-11-07 05:09:52,-24.5669,-51.3333,51.21,94,18,3.56
300,Arequipa,PE,2022-11-07 05:05:52,-16.3989,-71.535,55.17,39,0,2.51
301,Vilcun,CL,2022-11-07 05:09:52,-38.65,-72.2333,43.29,97,96,1.39
302,Pasinler,TR,2022-11-07 05:09:53,39.9803,41.6764,23.99,62,30,1.36
303,Punta Cardon,VE,2022-11-07 05:09:53,11.6581,-70.215,80.51,77,98,8.57
304,Luderitz,NA,2022-11-07 05:09:53,-26.6481,15.1594,62.49,85,100,3.11
305,Kolkwitz,DE,2022-11-07 05:09:53,51.75,14.25,45.66,87,100,1.01
306,Trairi,BR,2022-11-07 05:06:58,-3.2778,-39.2689,76.93,81,51,7.07
307,San Patricio,US,2022-11-07 05:09:54,28.017,-97.5169,78.84,91,6,11.36
308,Marathon,US,2022-11-07 05:09:54,44.9,-89.7668,40.53,47,0,20.71
309,Ndele,CF,2022-11-07 05:09:54,8.4109,20.6473,76.05,52,95,2.53
310,Ostrovnoy,RU,2022-11-07 05:09:55,68.0531,39.5131,31.84,89,100,18.95
311,West Sacramento,US,2022-11-07 05:09:55,38.5805,-121.5302,56.48,67,20,12.66
312,Deneysville,ZA,2022-11-07 05:09:55,-26.8908,28.0971,65.64,72,100,4.29
313,Arkhangelsk,RU,2022-11-07 05:09:56,64.5401,40.5433,35.11,100,100,6.71
314,Boyolangu,ID,2022-11-07 05:09:56,-8.1181,111.8935,82.9,75,99,6.22
315,Liverpool,GB,2022-11-07 05:06:49,53.4106,-2.9779,51.15,92,20,8.05
316,Inirida,CO,2022-11-07 05:09:56,3.8653,-67.9239,76.21,82,98,1.63
317,Rumphi,MW,2022-11-07 05:09:57,-11.0186,33.8575,76.32,47,51,8.01
318,Moose Factory,CA,2022-11-07 05:09:57,51.2585,-80.6094,33.78,100,100,2.3
319,Raymond,US,2022-11-07 05:09:57,43.9015,-70.4703,70.2,85,46,11.43
320,Port Macquarie,AU,2022-11-07 05:07:07,-31.4333,152.9167,70.9,57,58,8.97
321,Morehead,US,2022-11-07 05:09:58,37.2711,-87.1764,65.95,87,100,3.44
322,Katsuura,JP,2022-11-07 05:09:58,35.1333,140.3,58.57,84,100,5.86
323,Hay River,CA,2022-11-07 05:09:58,60.8156,-115.7999,8.26,91,100,11.34
324,Srednekolymsk,RU,2022-11-07 05:09:59,67.45,153.6833,-15.77,99,31,3.42
325,Fort Nelson,CA,2022-11-07 05:10:59,58.8053,-122.7002,-1.05,89,100,3.2
326,Hirara,JP,2022-11-07 05:10:59,24.8,125.2833,74.5,73,96,14.63
327,Foz,ES,2022-11-07 05:11:00,43.5692,-7.2544,58.57,68,87,7.38
328,Parga,GR,2022-11-07 05:11:00,39.2831,20.3964,61.29,69,12,5.32
329,Pisco,PE,2022-11-07 05:11:00,-13.7,-76.2167,60.03,88,4,3.44
330,Narsaq,GL,2022-11-07 05:11:01,60.9167,-46.05,32.22,97,95,1.83
331,Ventspils,LV,2022-11-07 05:11:01,57.3894,21.5606,44.53,100,40,9.22
332,Kruisfontein,ZA,2022-11-07 05:11:01,-34.0033,24.7314,62.89,67,100,3.65
333,Harbin,CN,2022-11-07 05:10:16,45.75,126.65,43.2,31,1,8.01
334,Russell,US,2022-11-07 05:11:02,32.3502,-85.1999,71.2,87,31,4.94
335,San Carlos De Bariloche,AR,2022-11-07 05:10:28,-41.1456,-71.3082,50.65,64,38,3.51
336,Juneau,US,2022-11-07 05:11:02,58.3019,-134.4197,24.8,100,40,8.05
337,Taoudenni,ML,2022-11-07 05:11:03,22.6783,-3.9836,72.36,20,74,10.42
338,Malinovoye Ozero,RU,2022-11-07 05:11:03,51.6753,79.7825,33.28,58,86,7.47
339,Perene,PE,2022-11-07 05:11:03,-10.9492,-75.2261,69.89,87,98,1.68
340,Piranshahr,IR,2022-11-07 05:11:04,36.701,45.1413,47.48,54,0,2.06
341,Yulara,AU,2022-11-07 05:11:05,-25.2406,130.9889,91.24,19,20,19.57
342,Mattru,SL,2022-11-07 05:11:06,7.6244,-11.8332,73.6,96,93,1.16
343,Kahului,US,2022-11-07 05:09:41,20.8947,-156.47,78.84,73,20,14.97
344,Sibolga,ID,2022-11-07 05:11:06,1.7427,98.7792,85.1,63,100,4.23
345,Mizdah,LY,2022-11-07 05:11:07,31.4451,12.9801,51.46,77,0,6.49
346,Aklavik,CA,2022-11-07 05:11:07,68.2191,-135.0107,-4.18,87,62,7.78
347,Uniontown,US,2022-11-07 05:11:07,39.9001,-79.7164,70.14,97,9,7.05
348,Chernyshevskiy,RU,2022-11-07 05:11:08,63.0128,112.4714,14.92,92,100,3.44
349,Lityn,UA,2022-11-07 05:10:18,49.3251,28.0809,43.02,85,85,9.06
350,Hasaki,JP,2022-11-07 05:11:08,35.7333,140.8333,66.6,72,100,4.36
351,Valdepenas,ES,2022-11-07 05:07:27,38.7621,-3.3848,48.99,37,70,1.54
352,Arlit,NE,2022-11-07 05:11:09,18.7369,7.3853,68.86,21,2,5.73
353,Juba,SS,2022-11-07 05:11:09,4.8517,31.5825,74.52,76,98,2.89
354,Zhigansk,RU,2022-11-07 05:11:10,66.7697,123.3711,-11.61,94,100,1.88
355,Dhidhdhoo,MV,2022-11-07 05:11:10,6.8833,73.1,81.43,67,8,3.31
356,Shingu,JP,2022-11-07 05:11:11,33.7333,135.9833,64.96,52,80,4.85
357,Sitka,US,2022-11-07 05:11:11,57.0531,-135.33,28.29,31,0,14.97
358,Helena,US,2022-11-07 05:07:01,46.5927,-112.0361,22.17,76,100,11.5
359,Comodoro Rivadavia,AR,2022-11-07 05:11:11,-45.8667,-67.5,64.26,29,0,5.75
360,Olinda,BR,2022-11-07 05:11:12,-8.0089,-34.8553,78.53,73,75,4.61
361,Rabat,MA,2022-11-07 05:11:12,33.9911,-6.8401,59.16,93,75,0.0
362,Esperance,AU,2022-11-07 05:11:12,-33.8667,121.9,66.04,82,100,18.05
363,Pemangkat,ID,2022-11-07 05:11:13,1.1667,108.9667,83.07,73,99,7.45
364,Tateyama,JP,2022-11-07 05:11:14,34.9833,139.8667,60.1,82,100,7.52
365,Avera,US,2022-11-07 05:11:14,33.194,-82.5271,67.51,93,3,4.5
366,Bulawayo,ZW,2022-11-07 05:11:14,-20.15,28.5833,68.07,76,63,11.61
367,Baykit,RU,2022-11-07 05:11:14,61.67,96.37,23.94,93,100,2.21
368,Northam,GB,2022-11-07 05:11:15,51.0333,-4.2167,55.38,94,100,19.08
369,Payakumbuh,ID,2022-11-07 05:11:15,-0.2202,100.6308,81.27,68,100,1.88
370,Ahipara,NZ,2022-11-07 05:11:16,-35.1667,173.1667,63.41,67,75,10.29
371,Kutum,SD,2022-11-07 05:11:16,14.2,24.6667,65.68,29,10,5.64
372,Uchiza,PE,2022-11-07 05:11:16,-8.4592,-76.4633,70.11,86,46,2.82
373,Anadyr,RU,2022-11-07 05:12:17,64.75,177.4833,32.5,80,0,6.71
374,Vao,NC,2022-11-07 05:12:17,-22.6667,167.4833,75.11,84,95,19.69
375,Mobaye,CF,2022-11-07 05:12:18,4.319,21.1786,70.12,96,92,0.65
376,Nan,TH,2022-11-07 05:12:18,18.8333,100.6667,84.18,48,0,1.07
377,Wanning,CN,2022-11-07 05:12:18,18.8003,110.3967,75.96,83,85,11.39
378,Kudahuvadhoo,MV,2022-11-07 05:12:19,2.6708,72.8944,81.81,78,89,14.18
379,Sterling,US,2022-11-07 05:12:19,39.0062,-77.4286,70.16,91,20,8.05
380,Birjand,IR,2022-11-07 05:12:20,32.8663,59.2211,59.9,25,1,4.25
381,Madisonville,US,2022-11-07 05:12:20,37.3281,-87.4989,66.06,87,0,4.74
382,Kloulklubed,PW,2022-11-07 05:12:20,7.0419,134.2556,82.9,70,70,3.76
383,Waipawa,NZ,2022-11-07 05:09:08,-41.4122,175.5153,62.46,57,24,7.83
384,Ostersund,SE,2022-11-07 05:12:21,63.1792,14.6357,36.61,100,100,5.01
385,Williams Lake,CA,2022-11-07 05:12:21,52.1415,-122.1445,14.05,86,100,8.05
386,Yugorsk,RU,2022-11-07 05:12:21,61.3133,63.3319,22.91,97,70,1.9
387,Manati,PR,2022-11-07 05:12:22,18.4275,-66.4921,79.68,95,84,4.74
388,Ostend,BE,2022-11-07 05:08:56,51.2234,2.9119,55.15,90,75,14.97
389,Gwanda,ZW,2022-11-07 05:12:22,-20.9333,29.0,68.77,81,97,12.44
390,Jalu,LY,2022-11-07 05:12:22,29.0331,21.5482,61.23,74,0,8.61
391,Klerksdorp,ZA,2022-11-07 05:12:23,-26.8521,26.6667,69.89,56,88,7.25
392,Izberbash,RU,2022-11-07 05:12:23,42.5696,47.8645,41.09,65,12,1.23
393,Yarada,IN,2022-11-07 05:12:24,17.65,83.2667,84.52,70,97,3.44
394,Flin Flon,CA,2022-11-07 05:12:24,54.7682,-101.865,9.43,92,100,10.16
395,Beyneu,KZ,2022-11-07 05:12:24,45.3167,55.2,34.61,72,91,19.55
396,Invermere,CA,2022-11-07 05:12:25,50.5167,-116.0354,14.13,91,100,3.78
397,Monrovia,LR,2022-11-07 05:12:25,6.3005,-10.7969,75.6,88,92,3.6
398,Kimbe,PG,2022-11-07 05:08:41,-5.5502,150.1429,81.68,82,100,2.24
399,Bardiyah,LY,2022-11-07 05:12:25,31.7561,25.0865,63.68,77,0,15.28
400,Smithers,CA,2022-11-07 05:12:26,54.7804,-127.1743,9.66,80,84,3.22
401,Ginda,IN,2022-11-07 05:12:26,30.6945,78.4932,64.87,35,100,3.83
402,Ocean Springs,US,2022-11-07 05:12:26,30.4113,-88.8278,69.82,96,0,0.0
403,Thompson,CA,2022-11-07 05:12:27,55.7435,-97.8558,10.56,79,75,13.8
404,Ketchikan,US,2022-11-07 05:12:27,55.3422,-131.6461,30.67,31,0,16.11
405,Beringovskiy,RU,2022-11-07 05:12:27,63.05,179.3167,31.73,99,100,4.68
406,Bilma,NE,2022-11-07 05:12:28,18.6853,12.9164,66.61,25,5,7.36
407,Gao,ML,2022-11-07 05:12:28,16.6362,1.637,69.76,17,0,9.84
408,Beckley,US,2022-11-07 05:12:29,37.7782,-81.1882,64.81,87,100,3.44
409,Samarkand,UZ,2022-11-07 05:12:29,39.6542,66.9597,45.82,93,100,11.5
410,Zhuji,CN,2022-11-07 05:12:29,29.7188,120.2423,74.1,51,0,1.66
411,Ipixuna,BR,2022-11-07 05:12:29,-1.7625,-48.8043,72.48,98,100,2.48
412,Ossora,RU,2022-11-07 05:12:30,59.2353,163.0719,35.74,99,100,13.18
413,Binghamton,US,2022-11-07 05:12:30,42.0987,-75.918,68.67,93,100,8.05
414,Yar-Sale,RU,2022-11-07 05:12:30,66.8333,70.8333,23.29,97,100,5.5
415,Jieshi,CN,2022-11-07 05:12:31,22.8134,115.8257,72.88,75,98,8.99
416,Sambava,MG,2022-11-07 05:12:31,-14.2667,50.1667,77.97,69,16,6.42
417,Faanui,PF,2022-11-07 05:12:31,-16.4833,-151.75,77.77,81,100,22.15
418,Abadiania,BR,2022-11-07 05:12:32,-16.2042,-48.7069,64.71,64,59,2.19
419,Lavrentiya,RU,2022-11-07 05:13:32,65.5833,-171.0,33.19,99,100,10.31
420,Petropavlovsk-Kamchatskiy,RU,2022-11-07 05:12:02,53.0452,158.6483,39.79,48,20,11.18
421,Fenoarivo,MG,2022-11-07 05:13:33,-18.933,47.4354,66.27,77,75,8.05
422,Awbari,LY,2022-11-07 05:13:33,26.5921,12.7805,54.05,31,0,4.38
423,Champerico,GT,2022-11-07 05:13:33,14.3,-91.9167,76.66,87,100,3.98
424,Bolkhov,RU,2022-11-07 05:13:34,53.4433,36.0044,32.36,99,100,9.37
425,Catuday,PH,2022-11-07 05:13:34,16.2923,119.8062,84.02,65,64,5.28
426,Monki,PL,2022-11-07 05:13:34,53.405,22.7979,39.67,94,87,7.14
427,Kindu,CD,2022-11-07 05:13:34,-2.95,25.95,68.85,95,100,1.03
428,Isabela,PH,2022-11-07 05:13:35,6.7085,121.9711,89.65,72,100,1.97
429,Jacareacanga,BR,2022-11-07 05:13:35,-6.2222,-57.7528,75.42,79,90,1.95
430,Nishihara,JP,2022-11-07 05:13:35,26.1842,127.7558,76.28,69,75,9.22
431,Beloha,MG,2022-11-07 05:13:36,-25.1667,45.05,79.11,64,12,1.81
432,Takoradi,GH,2022-11-07 05:13:36,4.8845,-1.7554,76.91,86,84,1.43
433,Atar,MR,2022-11-07 05:13:36,20.5169,-13.0499,76.23,16,100,6.69
434,Lagos,NG,2022-11-07 05:10:23,6.5833,3.75,73.83,96,31,3.24
435,Konstantinovka,RU,2022-11-07 05:13:37,49.6167,127.9833,41.45,39,1,9.15
436,Dali,CN,2022-11-07 05:13:37,25.7,100.1833,65.44,41,1,4.65
437,Bilibino,RU,2022-11-07 05:13:37,68.0546,166.4372,-4.36,99,77,4.88
438,Muros,ES,2022-11-07 05:13:38,42.7762,-9.0603,62.1,62,98,15.95
439,Mantua,IT,2022-11-07 05:13:38,45.1667,10.7833,42.04,95,20,1.99
440,Yakeshi,CN,2022-11-07 05:13:38,49.2833,120.7333,29.1,75,9,11.5
441,Artesia,US,2022-11-07 05:13:39,33.8658,-118.0831,62.78,88,0,3.44
442,Hambantota,LK,2022-11-07 05:13:39,6.1241,81.1185,83.64,59,42,3.09
443,Isangel,VU,2022-11-07 05:13:39,-19.55,169.2667,81.09,75,74,4.34
444,Bathsheba,BB,2022-11-07 05:13:39,13.2167,-59.5167,81.21,83,40,12.66
445,Miraflores,MX,2022-11-07 05:13:40,19.2167,-98.8083,63.25,77,1,2.71
446,Valdivia,CL,2022-11-07 05:13:40,-39.8142,-73.2459,45.05,98,92,1.32
447,Paraiso,CR,2022-11-07 05:13:41,9.8383,-83.8656,63.95,96,100,2.66
448,Qui Nhon,VN,2022-11-07 05:09:43,13.7667,109.2333,79.92,76,100,15.7
449,Maningrida,AU,2022-11-07 05:13:41,-12.0667,134.2667,91.04,53,44,11.18
450,Tongzi,CN,2022-11-07 05:13:42,28.7829,105.0877,64.96,73,100,3.0
451,Pacifica,US,2022-11-07 05:11:41,37.6138,-122.4869,56.43,82,75,16.11
452,Luau,AO,2022-11-07 05:13:42,-10.7073,22.2247,65.34,92,100,2.44
453,Asfi,MA,2022-11-07 05:13:42,32.2994,-9.2372,64.26,82,0,7.45
454,Gushikawa,JP,2022-11-07 05:13:43,26.3544,127.8686,76.23,69,100,8.05
455,Namanga,KE,2022-11-07 05:13:43,-2.5433,36.7905,66.76,79,65,6.76
456,Gobabis,NA,2022-11-07 05:13:43,-22.45,18.9667,59.7,68,97,18.84
457,Aksha,RU,2022-11-07 05:13:44,50.2814,113.2867,37.45,44,100,4.59
458,Kutahya,TR,2022-11-07 05:13:44,39.4242,29.9833,47.55,56,99,4.23
459,Cap Malheureux,MU,2022-11-07 05:13:44,-19.9842,57.6142,79.47,65,77,8.01
460,Komsomolskiy,UZ,2022-11-07 05:13:45,40.4272,71.7189,50.72,93,100,2.3
461,Sioni,GE,2022-11-07 05:13:45,41.9895,45.0239,37.76,86,100,2.89
462,Eitorf,DE,2022-11-07 05:13:45,50.7667,7.45,53.83,82,84,8.61
463,Mae Chan,TH,2022-11-07 05:13:45,20.1467,99.8526,84.67,47,0,2.21
464,Jian,CN,2022-11-07 05:13:46,27.1172,114.9793,76.14,51,3,1.05
465,Foumban,CM,2022-11-07 05:14:46,5.7291,10.9001,63.25,74,86,1.25
466,Soe,ID,2022-11-07 05:14:46,-9.8607,124.284,84.16,48,100,7.96
467,Coracao De Jesus,BR,2022-11-07 05:14:47,-16.6853,-44.365,62.6,74,70,5.99
468,Yerofey Pavlovich,RU,2022-11-07 05:14:47,53.9667,121.9667,29.57,50,17,7.31
469,Sao Joao Da Barra,BR,2022-11-07 05:14:47,-21.6403,-41.0511,65.14,81,5,5.88
470,Valparaiso,CL,2022-11-07 05:14:48,-33.0393,-71.6273,55.04,82,40,4.61
471,Shakiso,ET,2022-11-07 05:14:48,5.75,38.9167,64.06,75,70,3.4
472,Sesheke,ZM,2022-11-07 05:14:49,-17.4759,24.2968,71.6,75,74,3.42
473,Eyl,SO,2022-11-07 05:14:49,7.9803,49.8164,80.47,71,3,8.61
474,Mazatlan,MX,2022-11-07 05:10:58,23.2167,-106.4167,74.01,82,0,4.61
475,Taber,CA,2022-11-07 05:14:49,49.8167,-112.1518,1.76,99,100,6.71
476,Malakal,SS,2022-11-07 05:14:49,9.5334,31.6605,77.83,64,99,1.1
477,Quelimane,MZ,2022-11-07 05:14:50,-17.8786,36.8883,83.08,63,94,8.46
478,Mbandaka,CD,2022-11-07 05:14:50,0.0487,18.2603,70.54,97,95,1.07
479,Halifax,CA,2022-11-07 05:12:17,44.6453,-63.5724,61.5,92,94,7.0
480,Puerto Penasco,MX,2022-11-07 05:14:51,31.3167,-113.5333,71.46,65,30,8.59
481,Port Keats,AU,2022-11-07 05:14:51,-14.25,129.55,91.71,53,43,13.35
482,Auki,SB,2022-11-07 05:14:51,-8.7676,160.7034,83.14,73,90,7.65
483,Xichang,CN,2022-11-07 05:14:52,27.8964,102.2634,66.4,61,27,3.11
484,Marsh Harbour,BS,2022-11-07 05:14:52,26.5412,-77.0636,79.75,70,0,23.98
485,Yamada,JP,2022-11-07 05:14:52,39.4667,141.95,58.01,53,100,4.18
486,Iqaluit,CA,2022-11-07 05:14:53,63.7506,-68.5145,2.46,86,46,3.29
487,Buala,SB,2022-11-07 05:14:53,-8.145,159.5921,82.42,78,97,7.54
488,San Policarpo,PH,2022-11-07 05:14:53,12.1791,125.5072,84.83,69,96,5.26
489,Shahreza,IR,2022-11-07 05:14:53,32.0339,51.8794,50.88,31,0,2.95
490,Am Timan,TD,2022-11-07 05:14:54,11.0297,20.2827,77.95,33,81,3.22
491,Changping,CN,2022-11-07 05:14:54,40.2186,116.2197,64.04,13,0,7.11
492,Dingle,PH,2022-11-07 05:14:54,10.9995,122.6711,86.94,68,96,8.72
493,Maldonado,UY,2022-11-07 05:14:55,-34.6667,-54.9167,54.23,96,0,5.91
494,Tocopilla,CL,2022-11-07 05:14:55,-22.092,-70.1979,61.45,78,46,4.36
495,Honiara,SB,2022-11-07 05:14:55,-9.4333,159.95,83.01,78,89,5.26
496,Gorin,RU,2022-11-07 05:14:56,51.1983,136.6669,31.75,44,100,4.97
497,Elliot Lake,CA,2022-11-07 05:14:56,46.3834,-82.6331,44.31,52,63,14.09
498,Jizan,SA,2022-11-07 05:14:56,17.3333,42.6667,84.15,69,10,3.33
499,Hun,LY,2022-11-07 05:14:57,29.1268,15.9477,56.14,71,0,5.46
500,Bafq,IR,2022-11-07 05:14:57,31.6128,55.4107,64.6,23,0,1.48
501,Balykshi,KZ,2022-11-07 05:14:57,47.0667,51.8667,32.0,86,75,8.95
502,Naze,JP,2022-11-07 05:14:57,28.3667,129.4833,69.17,68,83,6.69
503,Kupang,ID,2022-11-07 05:14:58,-10.1667,123.5833,93.78,62,40,10.36
504,Senanga,ZM,2022-11-07 05:14:58,-16.1167,23.2667,70.48,76,100,5.97
505,Kenai,US,2022-11-07 05:14:58,60.5544,-151.2583,1.49,85,0,0.0
506,Dalvik,IS,2022-11-07 05:14:59,65.9702,-18.5286,36.48,99,75,1.48
507,Hervey Bay,AU,2022-11-07 05:14:59,-25.2986,152.8535,69.51,65,33,16.84
508,Bereda,ES,2022-11-07 05:14:59,43.2686,-7.5406,51.57,79,100,7.9
509,Kargopol,RU,2022-11-07 05:16:00,61.5071,38.9456,33.75,95,100,8.59
510,Lagoa,PT,2022-11-07 05:16:00,39.05,-27.9833,64.72,79,99,29.64
511,Natal,BR,2022-11-07 05:14:00,-5.795,-35.2094,74.05,94,40,2.3
512,Tezu,IN,2022-11-07 05:16:01,27.9167,96.1667,79.65,35,0,3.38
513,Okato,NZ,2022-11-07 05:16:01,-39.2,173.8833,59.52,66,52,5.88
514,Qaqortoq,GL,2022-11-07 05:16:01,60.7167,-46.0333,29.59,95,85,0.72
515,Ucluelet,CA,2022-11-07 05:16:02,48.9329,-125.5528,34.09,89,98,9.53
516,San-Pedro,CI,2022-11-07 05:16:02,4.7485,-6.6363,75.96,89,25,2.57
517,Tendo,JP,2022-11-07 05:16:02,38.3536,140.3697,60.73,55,40,3.44
518,Faya,SA,2022-11-07 05:16:03,18.3851,42.4509,61.32,70,12,3.0
519,Belaya Gora,RU,2022-11-07 05:16:03,68.5333,146.4167,-3.68,98,91,8.41
520,Tura,IN,2022-11-07 05:16:04,25.5198,90.2201,78.71,56,0,2.57
521,Sakakah,SA,2022-11-07 05:16:04,29.9697,40.2064,63.97,40,60,6.24
522,Auka,HN,2022-11-07 05:16:04,14.9333,-83.8333,71.98,91,43,2.19
523,Bambous Virieux,MU,2022-11-07 05:16:04,-20.3428,57.7575,79.21,69,75,11.5
524,Biltine,TD,2022-11-07 05:16:05,14.5333,20.9167,75.09,22,4,11.95
525,Bar Harbor,US,2022-11-07 05:16:05,44.3876,-68.2039,65.26,95,75,17.27
526,Bucerias,MX,2022-11-07 05:13:53,20.75,-105.3333,76.98,78,75,2.3
527,Pangai,TO,2022-11-07 05:16:06,-19.8,-174.35,78.91,65,20,9.22
528,Mitsamiouli,KM,2022-11-07 05:16:06,-11.3847,43.2844,78.91,77,41,11.97
529,Saint-Paul,RE,2022-11-07 05:13:19,-21.0096,55.2707,78.91,69,51,4.23
530,Qeshm,IR,2022-11-07 05:16:07,26.9581,56.2719,82.27,62,0,5.08
531,Mbini,GQ,2022-11-07 05:16:07,1.574,9.6134,75.99,88,98,3.47
532,Alappuzha,IN,2022-11-07 05:16:07,9.49,76.3264,80.89,74,94,1.95
533,Altay,CN,2022-11-07 05:16:08,47.8667,88.1167,46.44,43,62,2.08
534,Saint-Georges,GD,2022-11-07 05:16:08,12.0564,-61.7485,80.28,89,20,17.27
535,Pritzwalk,DE,2022-11-07 05:16:08,53.1494,12.1741,46.6,77,89,12.21
536,Culiacancito,MX,2022-11-07 05:16:09,24.8247,-107.5331,68.0,75,0,0.0
537,Kallithea,GR,2022-11-07 05:16:09,37.95,23.7,60.69,86,20,5.75
538,Santa Cruz De Tenerife,ES,2022-11-07 05:16:09,28.4682,-16.2546,69.4,95,40,4.61
539,Ashland,US,2022-11-07 05:15:28,40.8167,-82.2665,58.26,57,7,10.25
540,Wilkie,CA,2022-11-07 05:16:10,52.4168,-108.7014,3.58,100,96,4.34
541,Maragogi,BR,2022-11-07 05:16:10,-9.0122,-35.2225,74.91,91,99,0.43
542,Prabumulih,ID,2022-11-07 05:16:10,-3.45,104.25,84.87,75,100,0.58
543,Sebring,US,2022-11-07 05:16:11,27.4956,-81.4409,72.79,93,0,4.0
544,Ronne,DK,2022-11-07 05:16:11,55.1009,14.7066,49.91,81,100,17.27
545,Vestmanna,FO,2022-11-07 05:16:12,62.1564,-7.1664,47.32,93,100,20.71
546,Baudh,IN,2022-11-07 05:16:12,20.8416,84.3213,81.73,55,6,1.28
547,Vrangel,RU,2022-11-07 05:16:12,42.7297,133.0839,47.62,72,93,11.25
548,Syracuse,IT,2022-11-07 05:15:35,37.0881,15.2792,58.59,70,0,5.5
549,Krasnyy Chikoy,RU,2022-11-07 05:16:13,50.3643,108.7512,39.97,39,77,3.04
550,Sinnamary,GF,2022-11-07 05:16:13,5.3833,-52.95,76.14,89,100,6.02
551,Sestri Levante,IT,2022-11-07 05:16:14,44.2732,9.3968,60.57,77,68,3.0
552,Semnan,IR,2022-11-07 05:16:14,35.5729,53.3971,53.44,37,0,2.3
553,Milkovo,RU,2022-11-07 05:16:14,54.7167,158.6167,27.1,87,98,2.64
554,Batagay-Alyta,RU,2022-11-07 05:16:15,67.8006,130.4114,1.51,96,100,2.73
555,Komatipoort,ZA,2022-11-07 05:16:15,-25.4332,31.9548,71.06,72,96,5.12
556,Arzamas,RU,2022-11-07 05:17:16,55.3949,43.8399,28.54,82,100,8.99
557,Floro,NO,2022-11-07 05:17:16,61.5996,5.0328,42.87,87,0,8.05
558,Almaznyy,RU,2022-11-07 05:17:17,48.0448,40.045,30.87,86,34,6.29
559,Walvis Bay,NA,2022-11-07 05:17:17,-22.9575,14.5053,58.15,100,0,3.44
560,Erenhot,CN,2022-11-07 05:17:17,43.6475,111.9767,41.76,23,0,9.17
561,Berlevag,NO,2022-11-07 05:17:18,70.8578,29.0864,35.6,75,100,13.8
562,Shishou,CN,2022-11-07 05:17:18,29.7226,112.419,76.84,36,0,3.22
563,Ayan,RU,2022-11-07 05:17:18,56.45,138.1667,24.46,49,68,11.01
564,Port Blair,IN,2022-11-07 05:17:19,11.6667,92.75,86.04,70,40,9.22
565,La Orilla,MX,2022-11-07 05:17:19,17.9833,-102.2333,76.15,89,0,2.73
566,Ajdabiya,LY,2022-11-07 05:17:19,30.7554,20.2263,68.52,59,9,11.18
567,Novopavlovka,RU,2022-11-07 05:17:20,51.2172,109.2091,37.38,45,99,3.24
568,Bonavista,CA,2022-11-07 05:17:20,48.6499,-53.1147,52.48,94,100,17.05
569,Jardim,BR,2022-11-07 05:17:20,-21.4803,-56.1381,61.39,65,3,3.62
570,Bemidji,US,2022-11-07 05:14:30,47.4736,-94.8803,29.05,81,100,20.71
571,Livingston,GB,2022-11-07 05:17:21,55.9029,-3.5226,48.11,89,20,3.44
572,Toamasina,MG,2022-11-07 05:17:22,-18.1667,49.3833,78.8,78,75,3.44
573,Barcelos,PT,2022-11-07 05:17:22,41.5388,-8.6151,57.92,94,69,4.54
574,Zonguldak,TR,2022-11-07 05:17:22,41.25,31.8333,34.65,44,100,3.56
575,Palana,RU,2022-11-07 05:17:23,59.1167,159.9667,25.54,75,100,4.12
576,Igarka,RU,2022-11-07 05:17:23,67.4667,86.5833,19.35,96,100,6.6
577,Batagay,RU,2022-11-07 05:17:23,67.6333,134.6333,-0.74,97,100,2.82
